label,total_images,accepted,skipped,success_rate_pct,read_error,no_hand,multiple_hands,invalid_landmarks
0,70,29,41,41.43,0,41,0,0
1,70,60,10,85.71,0,10,0,0
2,70,49,21,70.0,0,21,0,0
3,70,68,2,97.14,0,2,0,0
4,70,69,1,98.57,0,1,0,0
5,70,70,0,100.0,0,0,0,0
6,70,51,19,72.86,0,19,0,0
7,70,65,5,92.86,0,5,0,0
8,70,61,9,87.14,0,9,0,0
9,70,70,0,100.0,0,0,0,0
A,112,51,61,45.54,0,58,3,0
B,112,105,7,93.75,0,7,0,0
C,112,67,45,59.82,0,43,2,0
D,112,102,10,91.07,0,6,4,0
E,112,63,49,56.25,0,49,0,0
F,112,108,4,96.43,0,3,1,0
G,112,89,23,79.46,0,21,2,0
H,112,86,26,76.79,0,25,1,0
I,116,90,26,77.59,0,23,3,0
J,108,46,62,42.59,0,62,0,0
K,112,107,5,95.54,0,5,0,0
L,112,111,1,99.11,0,1,0,0
M,112,47,65,41.96,0,65,0,0
N,112,47,65,41.96,0,65,0,0
O,112,55,57,49.11,0,57,0,0
P,112,84,28,75.0,0,28,0,0
Q,112,52,60,46.43,0,60,0,0
R,112,91,21,81.25,0,21,0,0
S,112,51,61,45.54,0,61,0,0
T,107,39,68,36.45,0,65,3,0
U,112,102,10,91.07,0,10,0,0
V,112,93,19,83.04,0,19,0,0
W,112,91,21,81.25,0,21,0,0
X,112,82,30,73.21,0,30,0,0
Y,112,79,33,70.54,0,33,0,0
Z,112,95,17,84.82,0,17,0,0
