label,total_images,accepted,skipped,success_rate_pct,read_error,no_hand,multiple_hands,invalid_landmarks,baseline_accepted,gained,lost,review_required
0,70,61,9,87.14,0,9,0,0,29,33,1,0
1,70,67,3,95.71,0,3,0,0,60,9,2,0
2,70,70,0,100.0,0,0,0,0,49,21,0,0
3,70,70,0,100.0,0,0,0,0,68,2,0,0
4,70,67,3,95.71,0,3,0,0,69,1,3,0
5,70,70,0,100.0,0,0,0,0,70,0,0,0
6,70,60,10,85.71,0,10,0,0,51,13,4,0
7,70,63,7,90.0,0,7,0,0,65,5,7,0
8,70,64,6,91.43,0,6,0,0,61,8,5,0
9,70,68,2,97.14,0,2,0,0,70,0,2,0
A,112,109,3,97.32,0,0,3,0,51,58,0,0
B,112,110,2,98.21,0,2,0,0,105,5,0,0
C,112,97,15,86.61,0,10,5,0,67,34,4,0
D,112,107,5,95.54,0,1,4,0,102,5,0,0
E,112,105,7,93.75,0,7,0,0,63,42,0,0
F,112,112,0,100.0,0,0,0,0,108,4,0,1
G,112,110,2,98.21,0,2,0,0,89,23,2,2
H,112,105,7,93.75,0,6,1,0,86,23,4,0
I,116,110,6,94.83,0,3,3,0,90,21,1,0
J,108,92,16,85.19,0,16,0,0,46,48,2,0
K,112,111,1,99.11,0,1,0,0,107,4,0,0
L,112,111,1,99.11,0,1,0,0,111,1,1,0
M,112,102,10,91.07,0,10,0,0,47,55,0,0
N,112,105,7,93.75,0,7,0,0,47,58,0,0
O,112,103,9,91.96,0,9,0,0,55,49,1,0
P,112,103,9,91.96,0,9,0,0,84,21,2,0
Q,112,86,26,76.79,0,26,0,0,52,40,6,0
R,112,108,4,96.43,0,4,0,0,91,17,0,0
S,112,112,0,100.0,0,0,0,0,51,61,0,0
T,107,104,3,97.2,0,0,3,0,39,65,0,0
U,112,110,2,98.21,0,2,0,0,102,8,0,0
V,112,111,1,99.11,0,1,0,0,93,19,1,0
W,112,105,7,93.75,0,7,0,0,91,16,2,0
X,112,98,14,87.5,0,14,0,0,82,18,2,0
Y,112,112,0,100.0,0,0,0,0,79,33,0,0
Z,112,104,8,92.86,0,8,0,0,95,13,4,0
