source_image,label,status,detail,feature_row,width,height,detected_hands,handedness,image_sha256,padded_width,padded_height,pad_x,pad_y,review_required
0/hand1_0_bot_seg_3_cropped.jpeg,0,no_hand,No hand detected at the current thresholds.,,400,400,0,,46d151c94bfcdcc88b23dc465fefcd6382eddbd9565f039c0a3f553054bd2df8,600,600,100,100,False
0/hand1_0_right_seg_1_cropped.jpeg,0,no_hand,No hand detected at the current thresholds.,,400,400,0,,4d68b57357c18256548085e8c45b888177cb4ed3d2a2c389d6a333a00693f2e1,600,600,100,100,False
0/hand1_0_right_seg_2_cropped.jpeg,0,no_hand,No hand detected at the current thresholds.,,400,400,0,,98fd0aa66723055e53b30f0899a85468a8b335dfab00c810e5cf0a647f4d328a,600,600,100,100,False
0/hand1_0_right_seg_3_cropped.jpeg,0,no_hand,No hand detected at the current thresholds.,,400,400,0,,4d78a3752dfdb3d9f49ce274c44e815c9feaa5481024eb0ad423c9e9fde3e942,600,600,100,100,False
0/hand1_0_right_seg_4_cropped.jpeg,0,no_hand,No hand detected at the current thresholds.,,400,400,0,,1f24816a3a755d015e0641455d4ec7700ce2b5d8f5e50110b37feb9ce8e947ac,600,600,100,100,False
0/hand1_0_right_seg_5_cropped.jpeg,0,no_hand,No hand detected at the current thresholds.,,400,400,0,,791a772374d23d9fc738854db9edb079accc8880e2e714a3b2318867e8f0b986,600,600,100,100,False
0/hand2_0_right_seg_3_cropped.jpeg,0,no_hand,No hand detected at the current thresholds.,,400,400,0,,fc02d4befa6faafcaeda1366a8e43b7e0b3638126000075b15585fc1a10f79f0,600,600,100,100,False
0/hand2_0_right_seg_4_cropped.jpeg,0,no_hand,No hand detected at the current thresholds.,,400,400,0,,13452f81ee83de3486d293fc793b354a6b3f115c64e6f6b81014cdeb0b0d1442,600,600,100,100,False
0/hand2_0_right_seg_5_cropped.jpeg,0,no_hand,No hand detected at the current thresholds.,,400,400,0,,b8e3b450ca0992553dfdcf4b205d116b5db3fba6f8ce0ff116a900ca2f4ee331,600,600,100,100,False
1/hand1_1_bot_seg_4_cropped.jpeg,1,no_hand,No hand detected at the current thresholds.,,400,400,0,,0af5164e3c769cba179dc5eb8a05b51f5cec08049a42777f96bad190c5c9bc65,600,600,100,100,False
1/hand1_1_bot_seg_5_cropped.jpeg,1,no_hand,No hand detected at the current thresholds.,,400,400,0,,b9fe399b258f162310b48e37425247e352b6aceac970f17cbd099a1a66f279e8,600,600,100,100,False
1/hand5_1_bot_seg_5_cropped.jpeg,1,no_hand,No hand detected at the current thresholds.,,400,400,0,,3cf8538f3e589814e037598f5da1b0f8f8284e831e7bbc4c4304b93e04e097f9,600,600,100,100,False
4/hand1_4_right_seg_1_cropped.jpeg,4,no_hand,No hand detected at the current thresholds.,,400,400,0,,955e8e51a234bda90c8da15f73cdd5625ae6e0c8d1894c9527e01a8dd5876fff,600,600,100,100,False
4/hand1_4_right_seg_2_cropped.jpeg,4,no_hand,No hand detected at the current thresholds.,,400,400,0,,3b6cb01af4836816189f87ed2665af465154a549f99483500b4b17575126f715,600,600,100,100,False
4/hand1_4_right_seg_3_cropped.jpeg,4,no_hand,No hand detected at the current thresholds.,,400,400,0,,6ab20c06eb0f08c7732cc8dc2670d3e14d83293b7b422e0af0b5d8e90b8736fa,600,600,100,100,False
6/hand1_6_bot_seg_1_cropped.jpeg,6,no_hand,No hand detected at the current thresholds.,,400,400,0,,dc0763fc689370593b2996fb2442096d89cd70fc66dc7bc2839a1aa68410b291,600,600,100,100,False
6/hand1_6_bot_seg_2_cropped.jpeg,6,no_hand,No hand detected at the current thresholds.,,400,400,0,,253073b93fef5b497f32212ffd709018e35003d4d348748a00074dea019fee94,600,600,100,100,False
6/hand1_6_bot_seg_3_cropped.jpeg,6,no_hand,No hand detected at the current thresholds.,,400,400,0,,8ff8dc88b9361aff665a0bf489163a262897ca7f11cb46a946c11583ac7c1986,600,600,100,100,False
6/hand1_6_bot_seg_4_cropped.jpeg,6,no_hand,No hand detected at the current thresholds.,,400,400,0,,67d3c248e5d52aff87fc5ec460caa4ef3dd2566a6e7d7406877fb555ca75c817,600,600,100,100,False
6/hand1_6_bot_seg_5_cropped.jpeg,6,no_hand,No hand detected at the current thresholds.,,400,400,0,,8d4c006fd2ef5bb159c3d755aea0001e813fffe622fd8e92d1d6b446d74e0f65,600,600,100,100,False
6/hand2_6_bot_seg_1_cropped.jpeg,6,no_hand,No hand detected at the current thresholds.,,400,400,0,,ffa9b9f91130a8c4463709a86347411baf9f9ec35a4256e8d9aa7e5f245c1a97,600,600,100,100,False
6/hand5_6_bot_seg_2_cropped.jpeg,6,no_hand,No hand detected at the current thresholds.,,400,400,0,,3ed3c29dede2cfe269498e6633abaad9caa459b93d2527db4aa17baf16f12ede,600,600,100,100,False
6/hand5_6_bot_seg_5_cropped.jpeg,6,no_hand,No hand detected at the current thresholds.,,400,400,0,,a5e2f59686760c47dad72a5a082680414ec16ad073066b359d5270a76c29e1c7,600,600,100,100,False
6/hand5_6_dif_seg_3_cropped.jpeg,6,no_hand,No hand detected at the current thresholds.,,400,400,0,,01ca8bc6ba8f693ff57606b21d9d6986cbed60b7a5d7ec6dea99cd083fb5e09f,600,600,100,100,False
6/hand5_6_dif_seg_5_cropped.jpeg,6,no_hand,No hand detected at the current thresholds.,,400,400,0,,8a02618fc5cfe988a811e43bed2d66ef0c9134948e4ea5f75a4d562326c5fc43,600,600,100,100,False
7/hand1_7_left_seg_1_cropped.jpeg,7,no_hand,No hand detected at the current thresholds.,,400,400,0,,546a211a011fd7dd3fccc0c67d5c1cce01c253ad3446f9a0aae63598b075d71c,600,600,100,100,False
7/hand1_7_left_seg_2_cropped.jpeg,7,no_hand,No hand detected at the current thresholds.,,400,400,0,,e9db122ccb116125f60808c398356267568d44ddbc0a5465e2388e3264997889,600,600,100,100,False
7/hand1_7_right_seg_1_cropped.jpeg,7,no_hand,No hand detected at the current thresholds.,,400,400,0,,12073a2a768a3643d844211d1a1caec64e69d1e46ec776810e0462554e2b85e5,600,600,100,100,False
7/hand1_7_right_seg_2_cropped.jpeg,7,no_hand,No hand detected at the current thresholds.,,400,400,0,,e5cb88e19a7f6a5843de31ee3eed3cf2a947d0493d7966caf1570a623f0083de,600,600,100,100,False
7/hand1_7_right_seg_3_cropped.jpeg,7,no_hand,No hand detected at the current thresholds.,,400,400,0,,2cf700fc136af040851ce93efa2a6b56f7b9b3f51c28c627684747acbfe6138d,600,600,100,100,False
7/hand1_7_right_seg_4_cropped.jpeg,7,no_hand,No hand detected at the current thresholds.,,400,400,0,,5909d925a425e54d6bde0b4ed73f84a4efe41a2d902350f5e80657742798859b,600,600,100,100,False
7/hand1_7_right_seg_5_cropped.jpeg,7,no_hand,No hand detected at the current thresholds.,,400,400,0,,c16772fe2ff1fb13522c9f87f14fac76b19bd7aba6be8b495ea1b2f669480910,600,600,100,100,False
8/hand1_8_right_seg_1_cropped.jpeg,8,no_hand,No hand detected at the current thresholds.,,400,400,0,,6fe0b0c9d6c133ea64a3b3a9dee62aa005ea82db162c751184d3925639bcdcf4,600,600,100,100,False
8/hand1_8_right_seg_2_cropped.jpeg,8,no_hand,No hand detected at the current thresholds.,,400,400,0,,061a5e7854268ae7974eff518028765efaca4dc1e182acacb0d0a3626e4909e5,600,600,100,100,False
8/hand1_8_right_seg_3_cropped.jpeg,8,no_hand,No hand detected at the current thresholds.,,400,400,0,,f51f5f92649047396c1ef3dc498b3734fd74633bd61c0d8d6f7f8ddac753d949,600,600,100,100,False
8/hand1_8_right_seg_4_cropped.jpeg,8,no_hand,No hand detected at the current thresholds.,,400,400,0,,71e138dfb4fff1f5641a7f5b12ed679551fb25a511de5d4b0e92e5e6a0b7c99d,600,600,100,100,False
8/hand1_8_right_seg_5_cropped.jpeg,8,no_hand,No hand detected at the current thresholds.,,400,400,0,,7920826244d356c7612bba1b235c2bc3b204f1e8e3ac68fe41f1ca10b5dafc80,600,600,100,100,False
8/hand5_8_bot_seg_3_cropped.jpeg,8,no_hand,No hand detected at the current thresholds.,,400,400,0,,a2517d8876e93f0940108147e37c5c8053ce5d02aa056855dc3846734c44ec80,600,600,100,100,False
9/hand1_9_right_seg_4_cropped.jpeg,9,no_hand,No hand detected at the current thresholds.,,400,400,0,,a82066ab42359d0bcc25c13e652eb3fa4c864a4b3ecf9748f07ac39b6b0e2132,600,600,100,100,False
9/hand1_9_right_seg_5_cropped.jpeg,9,no_hand,No hand detected at the current thresholds.,,400,400,0,,989b864de18f08ca201c1e8020cc7bb9f4a9ef0fa099cade710c70cb98e74e08,600,600,100,100,False
A/IMG20210607183140.jpg,A,multiple_hands,More than one hand detected; needs review.,,2128,4608,2,,122a5541ddb98ae907c8b5a82789ecbfa415f0b7ad2bf70b3db0c0814dc3604c,3192,6912,532,1152,False
A/IMG20210607183141.jpg,A,multiple_hands,More than one hand detected; needs review.,,2128,4608,2,,3985cde83451556622b1dea5ade383500b37f5be6a8e76f38193e64f3ca8e685,3192,6912,532,1152,False
A/IMG20210607183142.jpg,A,multiple_hands,More than one hand detected; needs review.,,2128,4608,2,,34d8588862eaeaef2bc254d12384112b27c082cae8cfc2322afff8307907e051,3192,6912,532,1152,False
B/IMG_20210605_174859.jpg,B,no_hand,No hand detected at the current thresholds.,,1836,3264,0,,e64aa34f5792a4c12ffd36364decd66631902b543d409e1b5ed2eb3fae00acca,2754,4896,459,816,False
B/IMG_20210605_174907.jpg,B,no_hand,No hand detected at the current thresholds.,,1836,3264,0,,6194c0f8380f00afc6109f79e51780cad1226c628d2ff634d2034fa7e78d2acc,2754,4896,459,816,False
C/944F281D-04E1-4A71-A415-BF110DAD07B4.jpg,C,multiple_hands,More than one hand detected; needs review.,,750,1334,2,,93455b707e9ff35c0673314b099082d15c9858c0920891f662530436dc880f50,1126,2002,188,334,False
C/hand1_c_right_seg_1_cropped.jpeg,C,no_hand,No hand detected at the current thresholds.,,400,400,0,,caaa680ed2fe9543258fa7de9411286deb6ce46c47f4f5580d281752f036f930,600,600,100,100,False
C/hand1_c_right_seg_2_cropped.jpeg,C,no_hand,No hand detected at the current thresholds.,,400,400,0,,bb666b92e6384d1ce129c9c91023b92b0f620db8c50739345e5fa7399a6b4e08,600,600,100,100,False
C/hand1_c_right_seg_3_cropped.jpeg,C,no_hand,No hand detected at the current thresholds.,,400,400,0,,5bd5ff83cd963d0905bba399e68672a4687fc1bb5b235855b87d33a4ad3549bd,600,600,100,100,False
C/hand1_c_right_seg_4_cropped.jpeg,C,no_hand,No hand detected at the current thresholds.,,400,400,0,,5a66df949a7c187c90fba545e05e339b45e8dc4fc18e1c359e32b1f97df530be,600,600,100,100,False
C/hand1_c_right_seg_5_cropped.jpeg,C,no_hand,No hand detected at the current thresholds.,,400,400,0,,470c270fdc6932ca6e2576d5d62964543f78adfafe6d83210f721f4106b63461,600,600,100,100,False
C/hand2_c_right_seg_1_cropped.jpeg,C,no_hand,No hand detected at the current thresholds.,,400,400,0,,ba3b199acce77bb4b5eab2a0b93c0b962008fe03003747001e414af6cd0a6258,600,600,100,100,False
C/hand2_c_right_seg_2_cropped.jpeg,C,no_hand,No hand detected at the current thresholds.,,400,400,0,,74f70e9246ae4c234f71c2bc9828f1fac6ff39c34787ed4d4bc8271e080a05a4,600,600,100,100,False
C/hand2_c_right_seg_5_cropped.jpeg,C,no_hand,No hand detected at the current thresholds.,,400,400,0,,8637fa7b401be54ac115fa1cc443f2468e7c62843b03dd4dd6d6c32de7113a2b,600,600,100,100,False
C/hand4_c_bot_seg_3_cropped.jpeg,C,no_hand,No hand detected at the current thresholds.,,400,400,0,,0002ae8e16896acab6499da482726aa638b0af8a76db6f306ad85553b82135b8,600,600,100,100,False
C/hand5_c_dif_seg_4_cropped.jpeg,C,no_hand,No hand detected at the current thresholds.,,400,400,0,,4a0dc33dd8e93cedc3acd2a68c4c1129417c17f70ab5624b3067f132d7341991,600,600,100,100,False
C/IMG20210607183231.jpg,C,multiple_hands,More than one hand detected; needs review.,,2128,4608,2,,9e777122d95cbbf3b7629e8c69bfd6e525e2e9a42634eb075760580b1374d59c,3192,6912,532,1152,False
C/IMG20210607183232.jpg,C,multiple_hands,More than one hand detected; needs review.,,2128,4608,2,,40c76a4a792617569e0792c68054456a1017221ccc791ae55cd93ef181afa1d7,3192,6912,532,1152,False
C/IMG20210607183233.jpg,C,multiple_hands,More than one hand detected; needs review.,,2128,4608,2,,21a52538f3654f486d648f4eb5a72c123fdf8dd8de785d348159dc0a2f9a13e9,3192,6912,532,1152,False
C/IMG20210607183234.jpg,C,multiple_hands,More than one hand detected; needs review.,,2128,4608,2,,71866b5370afe75a7f82653c3842cc7117b6a4d83f83d3a0fd10f03c0cf0349d,3192,6912,532,1152,False
D/IMG20210607183243.jpg,D,multiple_hands,More than one hand detected; needs review.,,2128,4608,2,,678cb5673ae006f995a48ac2550d34d7792f0e7a22708224b05edf49683e62f0,3192,6912,532,1152,False
D/IMG20210607183244.jpg,D,multiple_hands,More than one hand detected; needs review.,,2128,4608,2,,68f96d3fb8a0499d26ce4f1879c6fad3862f456d3ebdd673e5e22a4ec9c275bc,3192,6912,532,1152,False
D/IMG20210607183245.jpg,D,multiple_hands,More than one hand detected; needs review.,,2128,4608,2,,15edf44902458cdbf343c77a958619dce95bfa5d412117b68190ec55ee440cfa,3192,6912,532,1152,False
D/IMG20210607183246.jpg,D,multiple_hands,More than one hand detected; needs review.,,2128,4608,2,,7888220c9319c0e4f7016f198928d589f8fd5bb4b193d17de2800c7a2a26dc6d,3192,6912,532,1152,False
D/IMG_20210605_175101.jpg,D,no_hand,No hand detected at the current thresholds.,,1836,3264,0,,f7f2fc35dbcca0a8040742390408759568278b18fc95909de214942693ac3d02,2754,4896,459,816,False
E/hand1_e_left_seg_1_cropped.jpeg,E,no_hand,No hand detected at the current thresholds.,,400,400,0,,3be738d183dba874d74b59cd79aded60d66831e5a0839498282a14cb07f1ae38,600,600,100,100,False
E/hand1_e_left_seg_2_cropped.jpeg,E,no_hand,No hand detected at the current thresholds.,,400,400,0,,cd338f9994ff93165ac9fd8ab25e67d327c652d990d6425e203ffab5a27ad36d,600,600,100,100,False
E/hand1_e_left_seg_3_cropped.jpeg,E,no_hand,No hand detected at the current thresholds.,,400,400,0,,a6947603d39dc424e2e05be2784bfb2608bcc29508ed24a54b06bb8a2d05ed82,600,600,100,100,False
E/hand1_e_left_seg_4_cropped.jpeg,E,no_hand,No hand detected at the current thresholds.,,400,400,0,,0c613eb45c9bd6eac2c6c0d1d6fc8b1cbed0dc2539b6cebffd83608b4ac5cef4,600,600,100,100,False
E/hand1_e_left_seg_5_cropped.jpeg,E,no_hand,No hand detected at the current thresholds.,,400,400,0,,13059ec870ba0c64b6ced651c843fba69417af5af505d78eb87ab9ca1204e03c,600,600,100,100,False
E/hand5_e_bot_seg_1_cropped.jpeg,E,no_hand,No hand detected at the current thresholds.,,400,400,0,,cd3cfd9668d703eedec29abb526613a5ad1c6a5b32571cae27d6f41a897d62b4,600,600,100,100,False
E/hand5_e_bot_seg_5_cropped.jpeg,E,no_hand,No hand detected at the current thresholds.,,400,400,0,,0acfa4a6e65c204de3c46ea7cd76ac495a5b29114ef9da843fa815a9302f225a,600,600,100,100,False
G/hand5_g_bot_seg_1_cropped.jpeg,G,no_hand,No hand detected at the current thresholds.,,400,400,0,,1d4d0b9b3e5968fbc154d4380c1fd2782cf81b5166e04c06afecee5e5e1894f9,600,600,100,100,False
G/IMG_20210606_202351.jpg,G,no_hand,No hand detected at the current thresholds.,,3120,4208,0,,012f919711776641b5dab527ce029f36b1c91bcbc8e8c5a660cf8225182f403b,4680,6312,780,1052,False
H/20210607_171227.jpg,H,no_hand,No hand detected at the current thresholds.,,1932,2576,0,,ce4e275ba1e35f5224b9aaac063d344eb2ddf44515f9ed935e9812955c3649c8,2898,3864,483,644,False
H/hand1_h_bot_seg_2_cropped.jpeg,H,no_hand,No hand detected at the current thresholds.,,400,400,0,,9dfbc6c23b2c835d15927a1b7177c6b0bad671d73e4ccccfddf4d9b8c7f79f2d,600,600,100,100,False
H/IMG20210607183548.jpg,H,multiple_hands,More than one hand detected; needs review.,,2128,4608,2,,4e8b6af1d4a9e3d3160c2c93b7c0d1de28050f80008c66a4a3fd127c5b28a4e7,3192,6912,532,1152,False
H/IMG_0244.JPG,H,no_hand,No hand detected at the current thresholds.,,1932,2576,0,,1396868ef37f33d4e62a445199f34f88b1a05017aeca7dfd0555d0386eba583c,2898,3864,483,644,False
H/IMG_0245.JPG,H,no_hand,No hand detected at the current thresholds.,,1932,2576,0,,37b36dd18d701d8079eaf4bf8c5ed4e68c9ae63fba8c49361366b7fdffab2640,2898,3864,483,644,False
H/IMG_20210605_172616.jpg,H,no_hand,No hand detected at the current thresholds.,,1836,3264,0,,04b2e14f6aa9e0cee2263380834e988de4433bc234c0fef9a5de8aedf7e065bf,2754,4896,459,816,False
H/IMG_20210605_172621.jpg,H,no_hand,No hand detected at the current thresholds.,,1836,3264,0,,81d30409d5bba7270877a718011d836da650c27c5744ff6b94e3b4ead7a7642d,2754,4896,459,816,False
I/20210607_171425.jpg,I,no_hand,No hand detected at the current thresholds.,,1932,2576,0,,9eb6c22ff4e7411e46a6899fc1baa420a058d4dfea7323bc27c748908423842e,2898,3864,483,644,False
I/IMG20210607183606.jpg,I,multiple_hands,More than one hand detected; needs review.,,2128,4608,2,,27e931f07312465a017299cafb12d20bfe1535ab7213c4024be1cc629e42f6a4,3192,6912,532,1152,False
I/IMG20210607183607.jpg,I,multiple_hands,More than one hand detected; needs review.,,2128,4608,2,,3fdd40c0fa9e99dc9b63be782348ec6a36ff30fddc58ff73f5bccdc11fa898d8,3192,6912,532,1152,False
I/IMG20210607183609.jpg,I,multiple_hands,More than one hand detected; needs review.,,2128,4608,2,,65620fa5ce0058913a97b1d55e90c39c90cd226885758bc5d9bbf939c8e41893,3192,6912,532,1152,False
I/IMG_20210605_172727.jpg,I,no_hand,No hand detected at the current thresholds.,,1836,3264,0,,65333496741b66002c879637b26d26a8f267d4c36d89ba40aa0e0e261eea3a6b,2754,4896,459,816,False
I/IMG_20210607_200342.jpg,I,no_hand,No hand detected at the current thresholds.,,2448,3264,0,,e6261ec1e88a0ba7c6a0a67f50f7825b8b51607a7f7f853a4bf74841f78ddf9c,3672,4896,612,816,False
J/hand1_j_left_seg_1_cropped.jpeg,J,no_hand,No hand detected at the current thresholds.,,400,400,0,,5d8e192515409493af7e4d2d56c6c1df417c39cc29c71444d190f92dea2f688f,600,600,100,100,False
J/hand1_j_left_seg_2_cropped.jpeg,J,no_hand,No hand detected at the current thresholds.,,400,400,0,,aabb813c4892cdf0ae0f09a29438eef76747bd914368d944a74e56436e2d1fd7,600,600,100,100,False
J/hand1_j_left_seg_4_cropped.jpeg,J,no_hand,No hand detected at the current thresholds.,,400,400,0,,9a870681d985d6f04cea2b13f52ce7d7a95fbb9816778b41be84049988e4e5d8,600,600,100,100,False
J/hand1_j_left_seg_5_cropped.jpeg,J,no_hand,No hand detected at the current thresholds.,,400,400,0,,a78ecc02e7b0a6ad7e30a3eb724418fdfc2b9fcd6133d5e475e7903a368d951e,600,600,100,100,False
J/hand1_j_right_seg_1_cropped.jpeg,J,no_hand,No hand detected at the current thresholds.,,400,400,0,,0c6832bfd60a28b611c8ab9c010c17c1b6cc9419ce93fbab9c8af2657563f185,600,600,100,100,False
J/hand1_j_right_seg_2_cropped.jpeg,J,no_hand,No hand detected at the current thresholds.,,400,400,0,,24f006ef0971d1f369163147f80e872ec6c0f71060e8e5ae681e9f411f3ceb5b,600,600,100,100,False
J/hand1_j_right_seg_3_cropped.jpeg,J,no_hand,No hand detected at the current thresholds.,,400,400,0,,80f39ba1a391bfe4aa286ce573fe1aa596e24feb0faf155b0bc661ee1a7b82bd,600,600,100,100,False
J/hand1_j_right_seg_4_cropped.jpeg,J,no_hand,No hand detected at the current thresholds.,,400,400,0,,68d535e6c6eee84ac3ff868772e01f7956c5a66253661c45f52fda62dda9d32b,600,600,100,100,False
J/hand1_j_right_seg_5_cropped.jpeg,J,no_hand,No hand detected at the current thresholds.,,400,400,0,,0c79e6557eafc9feb15b1df6964dc9ddd875538bf9564ef5e70fbfc10fdfd1a5,600,600,100,100,False
J/IMG_0253.JPG,J,no_hand,No hand detected at the current thresholds.,,1932,2576,0,,659916edaeec3bfca71c9362a5e1605f0c0d952df780605eabb585c9b95d7f1c,2898,3864,483,644,False
J/IMG_0254.JPG,J,no_hand,No hand detected at the current thresholds.,,1932,2576,0,,0c357cc2255bdb7dea7995b19ccaedc0e2957a82f4f491b399dd54666a5c3680,2898,3864,483,644,False
J/IMG_20210605_172752.jpg,J,no_hand,No hand detected at the current thresholds.,,1836,3264,0,,d07791bea6a7a8779db1bd7905c15cbceddcb86a909dd50ee4bf34e8e0466d47,2754,4896,459,816,False
J/IMG_20210605_172756.jpg,J,no_hand,No hand detected at the current thresholds.,,1836,3264,0,,105aaf87cd7a36a2ad6e5d64e1adaa224014af6cdc6fd056b9935d6c1ec2537b,2754,4896,459,816,False
J/IMG_20210605_172800.jpg,J,no_hand,No hand detected at the current thresholds.,,1836,3264,0,,f643346006c2c0d1f8973339a5ef0ba3c764dc6e8fdd0505363a1e4b51984cea,2754,4896,459,816,False
J/IMG_20210605_172804.jpg,J,no_hand,No hand detected at the current thresholds.,,1836,3264,0,,c589e9004690ad2fa399ae5a37e435d9315294296c7319c03eaea0fcc7f132c8,2754,4896,459,816,False
J/IMG_20210606_202559.jpg,J,no_hand,No hand detected at the current thresholds.,,3120,4208,0,,02b73d3fa62470876906eade065705111e685ff97254b08e0e2c013e89643792,4680,6312,780,1052,False
K/IMG_20210605_172847.jpg,K,no_hand,No hand detected at the current thresholds.,,1836,3264,0,,141deaea6ee9a105509bbc864e8a5d3c50d51682531d8da32146d4d7465ae9ae,2754,4896,459,816,False
L/IMG_20210606_202656.jpg,L,no_hand,No hand detected at the current thresholds.,,3120,4208,0,,9adcb0d3fb65896a5472a70adaa1a0a17639a202127fc5e3a9f40840c8364268,4680,6312,780,1052,False
M/hand5_m_bot_seg_1_cropped.jpeg,M,no_hand,No hand detected at the current thresholds.,,400,400,0,,9e85a01b33ee4f64edef86b0a6fb691f544de19de6640eee0f2bba2d6349a758,600,600,100,100,False
M/hand5_m_bot_seg_2_cropped.jpeg,M,no_hand,No hand detected at the current thresholds.,,400,400,0,,5c6dc056c1f7c8b80304b8196514a2d75ffbfc9fb18b21df7b95e374004e8b43,600,600,100,100,False
M/hand5_m_bot_seg_3_cropped.jpeg,M,no_hand,No hand detected at the current thresholds.,,400,400,0,,e46d30c706f5bfcec2ce2712bde5e4fb8db5e27cd79e11af3be21e88f5f76d48,600,600,100,100,False
M/hand5_m_bot_seg_4_cropped.jpeg,M,no_hand,No hand detected at the current thresholds.,,400,400,0,,1f28aa296c452dda3b6b1e9cface23d26df2fde2b33b5eb57d0b92ff0de0bfc4,600,600,100,100,False
M/hand5_m_bot_seg_5_cropped.jpeg,M,no_hand,No hand detected at the current thresholds.,,400,400,0,,6a2547588fc5ebf35a2299f6e0812702af2bc1bfb11debc0b2db1cb0a5997750,600,600,100,100,False
M/hand5_m_dif_seg_1_cropped.jpeg,M,no_hand,No hand detected at the current thresholds.,,400,400,0,,39bf89b2d7ef0e1b3506e61954df5f4cbf4505954e403c1502518c8d3f6d5a0f,600,600,100,100,False
M/hand5_m_dif_seg_3_cropped.jpeg,M,no_hand,No hand detected at the current thresholds.,,400,400,0,,1000f3791ce66c62e4f7f6fe1867dbfde3a1113ac76230daf96f354bda89d6f1,600,600,100,100,False
M/hand5_m_dif_seg_4_cropped.jpeg,M,no_hand,No hand detected at the current thresholds.,,400,400,0,,56081271eefe2799e8e8ab7472d6345daa84eba3a52d3a2a04e387bd028cbe2b,600,600,100,100,False
M/IMG_20210605_173054.jpg,M,no_hand,No hand detected at the current thresholds.,,1836,3264,0,,fb629be26d2591a6caa6c42c1fd43ff291a4034bdadac748a4904bd2aaece1a2,2754,4896,459,816,False
M/IMG_20210605_173113.jpg,M,no_hand,No hand detected at the current thresholds.,,1836,3264,0,,ce429d24987fdcecdc65f9e77f1526b4f27079323d067ee7ce76e553a50d3b35,2754,4896,459,816,False
N/hand1_n_right_seg_3_cropped.jpeg,N,no_hand,No hand detected at the current thresholds.,,400,400,0,,75080d5bda11e86955df041da3b5f4813492382144ddaf8648250c7484cc8679,600,600,100,100,False
N/hand4_n_bot_seg_1_cropped.jpeg,N,no_hand,No hand detected at the current thresholds.,,400,400,0,,e5a2dbe1cf6600d5a14ea881eef6d556bef504a70b8268e3c9a6e56754aa9e3b,600,600,100,100,False
N/hand4_n_bot_seg_3_cropped.jpeg,N,no_hand,No hand detected at the current thresholds.,,400,400,0,,85496711f318d1117efe9a65eb29c457d92d08f44d7cd0d492dfbbe7135fbecc,600,600,100,100,False
N/hand4_n_bot_seg_4_cropped.jpeg,N,no_hand,No hand detected at the current thresholds.,,400,400,0,,42faa2ab54d0cf70957f133e08e289bda774ff4186df4cb873e9f90962adf56a,600,600,100,100,False
N/hand5_n_dif_seg_2_cropped.jpeg,N,no_hand,No hand detected at the current thresholds.,,400,400,0,,de122207b7a05cd844f0643aa5e1363b5dbc5b36239e5e8a03a12d02065c5ee3,600,600,100,100,False
N/IMG_20210606_202809.jpg,N,no_hand,No hand detected at the current thresholds.,,3120,4208,0,,3149c7203d089e8d0413f882d04c88ed8375ac438a790769c4bf6856591c7b49,4680,6312,780,1052,False
N/N_2.jpg,N,no_hand,No hand detected at the current thresholds.,,2000,2000,0,,9a44c0a459eef78b27218708d2835ca2c5a4a4b16788193c7a52463a174c9035,3000,3000,500,500,False
O/hand1_o_right_seg_1_cropped.jpeg,O,no_hand,No hand detected at the current thresholds.,,400,400,0,,b4207d579fe043afbe0fa40681fde27a0f609dce9932bb89f93b1cbfaa165cea,600,600,100,100,False
O/hand1_o_right_seg_2_cropped.jpeg,O,no_hand,No hand detected at the current thresholds.,,400,400,0,,2d6d660fe4b55b1c17f3a7f164b57bc0606fd29f1082c4253a1434a4deaf0786,600,600,100,100,False
O/hand1_o_right_seg_3_cropped.jpeg,O,no_hand,No hand detected at the current thresholds.,,400,400,0,,624f503bd711d68e8f1d168acf8f4bb1f723b290fc3fb0f6fbdf2de310ed2aab,600,600,100,100,False
O/hand1_o_right_seg_4_cropped.jpeg,O,no_hand,No hand detected at the current thresholds.,,400,400,0,,52f11d1e4644468264e11e08963ef05c35424438c877a90687a46ed22e040c91,600,600,100,100,False
O/hand1_o_right_seg_5_cropped.jpeg,O,no_hand,No hand detected at the current thresholds.,,400,400,0,,0252e01b9e0b21ea498669574b494b99d2c3814c920242faf220c712aaecef36,600,600,100,100,False
O/hand2_o_bot_seg_3_cropped.jpeg,O,no_hand,No hand detected at the current thresholds.,,400,400,0,,e6747fc651c2f241541a3c56fe86dec18c068ec64fb3de87fcde2c72caa41c9c,600,600,100,100,False
O/hand2_o_bot_seg_5_cropped.jpeg,O,no_hand,No hand detected at the current thresholds.,,400,400,0,,4c31f8a0d636aeea19df9738c95e976f75c55e66472114925fb45b329580d2ae,600,600,100,100,False
O/hand2_o_right_seg_2_cropped.jpeg,O,no_hand,No hand detected at the current thresholds.,,400,400,0,,a5ad936505d51df0a6be5457c46ca1f8726feb68f986d2943f04373e87c5ea89,600,600,100,100,False
O/hand2_o_right_seg_3_cropped.jpeg,O,no_hand,No hand detected at the current thresholds.,,400,400,0,,1fbe3d391d367c3c8c887135502bd6dc099d08967ce5dde754ca5f606321ab24,600,600,100,100,False
P/hand4_p_bot_seg_2_cropped.jpeg,P,no_hand,No hand detected at the current thresholds.,,400,400,0,,60c1e155b7487c1b4c59ae93aa75ba34e4f5a3c2bd0a1d229f9c7b1ad88c6cdc,600,600,100,100,False
P/hand4_p_bot_seg_3_cropped.jpeg,P,no_hand,No hand detected at the current thresholds.,,400,400,0,,dacbc6119aeba13ae165ee83cc16a70a529cadf0a5426bde57086f19578f408c,600,600,100,100,False
P/hand4_p_bot_seg_4_cropped.jpeg,P,no_hand,No hand detected at the current thresholds.,,400,400,0,,d1f09c9c01d9cd5ff122c71cfaf8f38d2c282a01259ee764c7cb3b7b0b12c182,600,600,100,100,False
P/hand4_p_bot_seg_5_cropped.jpeg,P,no_hand,No hand detected at the current thresholds.,,400,400,0,,7410c6938ee26b6a9c17eaaf6137c19e146ca3277d6ca503508a2c59ab66e5cf,600,600,100,100,False
P/hand5_p_bot_seg_3_cropped.jpeg,P,no_hand,No hand detected at the current thresholds.,,400,400,0,,08af89dcec956222b0ed35ecd226149a231e73ddda5231ad62b512cf83c890bc,600,600,100,100,False
P/hand5_p_bot_seg_4_cropped.jpeg,P,no_hand,No hand detected at the current thresholds.,,400,400,0,,af8e942fbecb78f96e34a861f2a522af8a017423f064dc1f0ba4c94ca7a0eaba,600,600,100,100,False
P/IMG_20210605_173428.jpg,P,no_hand,No hand detected at the current thresholds.,,1836,3264,0,,75c6f57b840bdcadcc5496de562e65fb60b8183435b9dd7967cc7979b042709d,2754,4896,459,816,False
P/IMG_20210605_173441.jpg,P,no_hand,No hand detected at the current thresholds.,,1836,3264,0,,ed0aa82537b7c2eb6dd068696e57858363e94cfb1728d2728175c065ffcadec3,2754,4896,459,816,False
P/P (4).jpg,P,no_hand,No hand detected at the current thresholds.,,2000,2000,0,,05eb170cf95ff41b57c0bfff787a13f875f754950afe1b8b0dde65dafca64c42,3000,3000,500,500,False
Q/hand1_q_bot_seg_1_cropped.jpeg,Q,no_hand,No hand detected at the current thresholds.,,400,400,0,,f3bebb9b63023ad86d0ad1accc11134143acf147329507ff5f228cb412b2c91d,600,600,100,100,False
Q/hand1_q_bot_seg_2_cropped.jpeg,Q,no_hand,No hand detected at the current thresholds.,,400,400,0,,c45b73df9b84335841e9f16336865349edaba3eced6604333510a88159a7396a,600,600,100,100,False
Q/hand1_q_bot_seg_3_cropped.jpeg,Q,no_hand,No hand detected at the current thresholds.,,400,400,0,,fd35cdd86f8b4b6e8294032aaedff1d2246dd2496094654c59dcd4a3314681c8,600,600,100,100,False
Q/hand1_q_bot_seg_4_cropped.jpeg,Q,no_hand,No hand detected at the current thresholds.,,400,400,0,,defefff291500c04a170de16ed98c7829ae402cc8bdc54bb14e2d6f6ad126c61,600,600,100,100,False
Q/hand1_q_bot_seg_5_cropped.jpeg,Q,no_hand,No hand detected at the current thresholds.,,400,400,0,,5dfa1f3a00b6ce3a950cc88d2d1f214145d597dd2d722bbf478fb83454b12ae8,600,600,100,100,False
Q/hand1_q_dif_seg_2_cropped.jpeg,Q,no_hand,No hand detected at the current thresholds.,,400,400,0,,593597c5247a641b7e019a190dc6ae968f5859417c17813ec00a63ab6e0cb3d2,600,600,100,100,False
Q/hand1_q_dif_seg_5_cropped.jpeg,Q,no_hand,No hand detected at the current thresholds.,,400,400,0,,c41144507e3c6251f334973b4182f4de552d320b3685e8dd4f2442a310559995,600,600,100,100,False
Q/hand1_q_left_seg_1_cropped.jpeg,Q,no_hand,No hand detected at the current thresholds.,,400,400,0,,18556d7935583e297400041b2420c83f95d3db1d208bba2ea7a1b9e2a10a0df1,600,600,100,100,False
Q/hand1_q_left_seg_2_cropped.jpeg,Q,no_hand,No hand detected at the current thresholds.,,400,400,0,,39b6989422cd2755c5830172c076a1026fb4595de5af7981b1c224895ea417f5,600,600,100,100,False
Q/hand1_q_left_seg_3_cropped.jpeg,Q,no_hand,No hand detected at the current thresholds.,,400,400,0,,02b9e982d175171985616fe5829bef9bff0c9e0247df095c7456f1ec0228129e,600,600,100,100,False
Q/hand1_q_left_seg_4_cropped.jpeg,Q,no_hand,No hand detected at the current thresholds.,,400,400,0,,5a44fa9e5e3faedfc064d62a6e5f4e709d7475f72473bee635f33c37a45ee6d2,600,600,100,100,False
Q/hand1_q_left_seg_5_cropped.jpeg,Q,no_hand,No hand detected at the current thresholds.,,400,400,0,,9917871eaa6c8b117b320fba3b99ffae1aa4636395a342fc755d14354133e9aa,600,600,100,100,False
Q/hand1_q_right_seg_4_cropped.jpeg,Q,no_hand,No hand detected at the current thresholds.,,400,400,0,,91759eaee570a4fb610704372853ba5abf17993d9c07dc6a85979ca0d8562307,600,600,100,100,False
Q/hand1_q_right_seg_5_cropped.jpeg,Q,no_hand,No hand detected at the current thresholds.,,400,400,0,,31df4a17957dfc3ad7ebba1b8b95ccef723662a3428ca6ea47a5e37bd006975f,600,600,100,100,False
Q/hand1_q_top_seg_1_cropped.jpeg,Q,no_hand,No hand detected at the current thresholds.,,400,400,0,,e4c802ac0eea6538d6618888e7f17d96d2adae2b7edaaa8e482a57a77b31e9ed,600,600,100,100,False
Q/hand1_q_top_seg_2_cropped.jpeg,Q,no_hand,No hand detected at the current thresholds.,,400,400,0,,a41904e2383636298113b27984295eefb036088f96a0446efc7052b1d104c943,600,600,100,100,False
Q/hand1_q_top_seg_3_cropped.jpeg,Q,no_hand,No hand detected at the current thresholds.,,400,400,0,,00adfc09fa9587a96c79a36a325ae310de5205feed7d17898fef56f984f9f26f,600,600,100,100,False
Q/hand1_q_top_seg_4_cropped.jpeg,Q,no_hand,No hand detected at the current thresholds.,,400,400,0,,51f5e30e422167d84717109a42adf0e1d0d7e90b28d1a4faa42e55477c453111,600,600,100,100,False
Q/hand1_q_top_seg_5_cropped.jpeg,Q,no_hand,No hand detected at the current thresholds.,,400,400,0,,06103fac1bbd7789e95feb9006e33622cb51beb872eecd1bb3fb4cc92ae4a4e0,600,600,100,100,False
Q/IMG_0291.JPG,Q,no_hand,No hand detected at the current thresholds.,,1932,2576,0,,9a4f53a4b4e427fb06e4067884a43ee3256789e7f9a4fac392d1b5732a776a0e,2898,3864,483,644,False
Q/IMG_20210605_173522.jpg,Q,no_hand,No hand detected at the current thresholds.,,1836,3264,0,,fa40e6ff8bb5c8cc86329e87c780afe74f99df601f57c7d9ddde3496d526b662,2754,4896,459,816,False
Q/IMG_20210605_173528.jpg,Q,no_hand,No hand detected at the current thresholds.,,1836,3264,0,,0c22ddd9cbb04b3adbdb7912bbe00414b59bb4882f0f06e5125cf7b4bb1c87a2,2754,4896,459,816,False
Q/IMG_20210605_173604.jpg,Q,no_hand,No hand detected at the current thresholds.,,1836,3264,0,,a3485a2770abb0b13fd01999f8419312b01c2b717329060d2cf974b3eb12c041,2754,4896,459,816,False
Q/IMG_20210606_202926.jpg,Q,no_hand,No hand detected at the current thresholds.,,3120,4208,0,,4cacbe64bd96cf9ccaa043b8227453c2b94c367d6f6e7c9debf764fe827145b6,4680,6312,780,1052,False
Q/IMG_20210606_202936.jpg,Q,no_hand,No hand detected at the current thresholds.,,3120,4208,0,,b98bede3304eda15cdf3ea1f60781a24414d6ad42fbceec61c8cdc14ef5c368c,4680,6312,780,1052,False
Q/IMG_20210607_203539.jpg,Q,no_hand,No hand detected at the current thresholds.,,2448,3264,0,,64b76307d1c224df30eb902eb7cacfdb33969cec3a2fc6da9f4efc32899ff533,3672,4896,612,816,False
R/hand1_r_left_seg_5_cropped.jpeg,R,no_hand,No hand detected at the current thresholds.,,400,400,0,,3ffbaa75e29055f327a5815fdba8a8b5d5cd7942f483dd22696268bfcd8cee6d,600,600,100,100,False
R/hand2_r_right_seg_3_cropped.jpeg,R,no_hand,No hand detected at the current thresholds.,,400,400,0,,b12e741868723a62a25ff9061d9ca832afa4c736e427883f5c6477365341b448,600,600,100,100,False
R/hand2_r_right_seg_4_cropped.jpeg,R,no_hand,No hand detected at the current thresholds.,,400,400,0,,de09b4c93c691faae3803fa9e7aa6a48b7a07b5f972cb47e307a24b84be73c05,600,600,100,100,False
R/hand5_r_dif_seg_5_cropped.jpeg,R,no_hand,No hand detected at the current thresholds.,,400,400,0,,62beea0ee7801f9a3ea229a157a1968c49511dd9d5eacd0ab582b72ece452fd3,600,600,100,100,False
T/IMG20210607184054.jpg,T,multiple_hands,More than one hand detected; needs review.,,2128,4608,2,,aad7587364c9450f099bce0d2437f0d0ea67f2c76cc5ea5cfd9603805c18668f,3192,6912,532,1152,False
T/IMG20210607184055.jpg,T,multiple_hands,More than one hand detected; needs review.,,2128,4608,2,,17dd5ef2aca16b92115358feccb8afe788c82a199007467641835540f1a106b6,3192,6912,532,1152,False
T/IMG20210607184055_01.jpg,T,multiple_hands,More than one hand detected; needs review.,,2128,4608,2,,336b302593cac28f05b7946fdfa1e3dd2184e8c366d6e8b29b990e9d5eee9372,3192,6912,532,1152,False
U/IMG_20210605_174059.jpg,U,no_hand,No hand detected at the current thresholds.,,1836,3264,0,,65e69972276373186291c0f3c4fccac585e777b81873ac86031294add36f564c,2754,4896,459,816,False
U/IMG_20210605_174103.jpg,U,no_hand,No hand detected at the current thresholds.,,1836,3264,0,,6d06eeb3c675d136c3e796f2ddc584d56a2d00746ef5951ab87a590c6f7bb196,2754,4896,459,816,False
V/hand1_v_bot_seg_5_cropped.jpeg,V,no_hand,No hand detected at the current thresholds.,,400,400,0,,8b7ae2053a575b228f00edbd23b24667aa945ce53c911b5b883e746f57230ad3,600,600,100,100,False
W/hand1_w_top_seg_2_cropped.jpeg,W,no_hand,No hand detected at the current thresholds.,,400,400,0,,3f0be545856c4737ccbca74bb5f6e9960aa5b9d15602d172131f0919b01b309e,600,600,100,100,False
W/hand2_w_right_seg_1_cropped.jpeg,W,no_hand,No hand detected at the current thresholds.,,400,400,0,,dfcf8a1e7d21071dece729dd777f13eacdd0db298e6c5d7d91b1d955064e2f80,600,600,100,100,False
W/hand2_w_right_seg_2_cropped.jpeg,W,no_hand,No hand detected at the current thresholds.,,400,400,0,,7e968a477a5f8bd79c029c4786a31a3b27f4d75b72251545fdc311d37e0a27b5,600,600,100,100,False
W/hand2_w_right_seg_3_cropped.jpeg,W,no_hand,No hand detected at the current thresholds.,,400,400,0,,a7860a6d2db4b8015212bac120d62625fea10c583955a120ef7ca45459754bda,600,600,100,100,False
W/hand2_w_right_seg_4_cropped.jpeg,W,no_hand,No hand detected at the current thresholds.,,400,400,0,,70c70db7d8834d8468374bfef95ac641136f827bb79dcca5dba9b24daf49a882,600,600,100,100,False
W/hand2_w_right_seg_5_cropped.jpeg,W,no_hand,No hand detected at the current thresholds.,,400,400,0,,90403558ec02517a21b146158c34b59d65096108607f410cdc145c07fbc4fc9d,600,600,100,100,False
W/hand5_w_bot_seg_2_cropped.jpeg,W,no_hand,No hand detected at the current thresholds.,,400,400,0,,c7281d0493dcd7210557f62c6a616c43041383a930c57822d77c92b4b50b4bee,600,600,100,100,False
X/1243756F-A4C6-4419-8773-4503E0B0A7D6.jpg,X,no_hand,No hand detected at the current thresholds.,,750,1334,0,,c9901fe57bca9cb833a4b44bc5d9cc97e009ac27eed2e0864ae37a5cb7c6f4de,1126,2002,188,334,False
X/A5E3251E-E429-4487-8EAD-55B7198884CD.jpg,X,no_hand,No hand detected at the current thresholds.,,750,1334,0,,7999b73aee92df05b78d82db68972022c07562e9db6d8e2895c818783b60076a,1126,2002,188,334,False
X/B012C360-2B48-4F35-98D6-ADF107F6508F.jpg,X,no_hand,No hand detected at the current thresholds.,,750,1334,0,,89ce0b9f4a838cef226f8299e08ea321f4b30d804b32dc3f3947218bfddd9ec6,1126,2002,188,334,False
X/hand1_x_left_seg_4_cropped.jpeg,X,no_hand,No hand detected at the current thresholds.,,400,400,0,,6cb165324e1ae70398544150301e71c57eab1339b184e0d409f0490be1de2373,600,600,100,100,False
X/hand1_x_left_seg_5_cropped.jpeg,X,no_hand,No hand detected at the current thresholds.,,400,400,0,,01f69ca99d257ee9dfadbd7f455d8df5e8a82e7ec2ebb87f2d268b39038c17ae,600,600,100,100,False
X/hand1_x_right_seg_2_cropped.jpeg,X,no_hand,No hand detected at the current thresholds.,,400,400,0,,5c5571eae13efb870ae171f2aee8b61f28e7ce42fb2529a2cafb220a4840955b,600,600,100,100,False
X/hand1_x_right_seg_3_cropped.jpeg,X,no_hand,No hand detected at the current thresholds.,,400,400,0,,843ceee7223a4cb2b31f584ce30d42ef8c0e3ed8493b121a04c9d77b5f8599ec,600,600,100,100,False
X/hand1_x_right_seg_4_cropped.jpeg,X,no_hand,No hand detected at the current thresholds.,,400,400,0,,fce739ea72b1088840bdc7798e6b3abb6af11270e99fe3550e6ac22672a8782e,600,600,100,100,False
X/hand1_x_right_seg_5_cropped.jpeg,X,no_hand,No hand detected at the current thresholds.,,400,400,0,,b26388112a4d5bfc6e17ab27dacd23b35383f24481df1c80d9d3816194d95be0,600,600,100,100,False
X/hand1_x_top_seg_3_cropped.jpeg,X,no_hand,No hand detected at the current thresholds.,,400,400,0,,9dbd36cdd28e4dba4b8ea0b432544dcd2e987412d6fbae8cc855e1a2c05f5759,600,600,100,100,False
X/IMG_0325.JPG,X,no_hand,No hand detected at the current thresholds.,,1932,2576,0,,92b78eca0dcaed3a8526db7c0c89bab6f47bece01066cc0a5ef7ad80d5633e13,2898,3864,483,644,False
X/IMG_0326.JPG,X,no_hand,No hand detected at the current thresholds.,,1932,2576,0,,83dc8949c9e56c32bac6125d6bf94399a518955cfb677fa6b835bbaa8f75cccc,2898,3864,483,644,False
X/IMG_20210606_203352.jpg,X,no_hand,No hand detected at the current thresholds.,,3120,4208,0,,5378ed9d00384088444085e180b7911df207659875efb4af0b5bba97bde8f1d6,4680,6312,780,1052,False
X/IMG_20210606_203400.jpg,X,no_hand,No hand detected at the current thresholds.,,3120,4208,0,,edaab8b2f6a2806dc7a2713418df91a322254d825c5900e61fb78e7d49d36f72,4680,6312,780,1052,False
Z/hand1_z_bot_seg_3_cropped.jpeg,Z,no_hand,No hand detected at the current thresholds.,,400,400,0,,df9f12000a1a86e9dfb336a5341a718217d70ba51c5052fc04a52316e7dd0a9d,600,600,100,100,False
Z/hand1_z_bot_seg_4_cropped.jpeg,Z,no_hand,No hand detected at the current thresholds.,,400,400,0,,a7dfb6524e622189691dabb540b42185d671811d4ef3ceb9be943caf409d56a4,600,600,100,100,False
Z/hand1_z_bot_seg_5_cropped.jpeg,Z,no_hand,No hand detected at the current thresholds.,,400,400,0,,0cb4928fbce9099cfe1de511680b6b4e1e58f48078e1415eafb894fb86ec1730,600,600,100,100,False
Z/hand1_z_right_seg_3_cropped.jpeg,Z,no_hand,No hand detected at the current thresholds.,,400,400,0,,bd9f76c1c16c99a50d0c1cdcd24f4d43b21d29b5d18db24a802d61fda9dd673b,600,600,100,100,False
Z/hand1_z_right_seg_4_cropped.jpeg,Z,no_hand,No hand detected at the current thresholds.,,400,400,0,,e9fcf96c270832770c31577108d0344e1fe25bc21c2a26a1c3d171347e46a715,600,600,100,100,False
Z/hand1_z_right_seg_5_cropped.jpeg,Z,no_hand,No hand detected at the current thresholds.,,400,400,0,,202d4c13368ac96a310fe1e97f5791f6828c064af6bf7c974c518056eeedded5,600,600,100,100,False
Z/hand5_z_bot_seg_1_cropped.jpeg,Z,no_hand,No hand detected at the current thresholds.,,400,400,0,,ea46b09b277499a3cdfff3a209b7014a9b8acc5f0e70668980f9659ca787ff34,600,600,100,100,False
Z/IMG_0335.JPG,Z,no_hand,No hand detected at the current thresholds.,,1932,2576,0,,3237b06cfb31f909ddb4422800f3a30639d4030b945d1149fb7831639244e985,2898,3864,483,644,False
