label,train,validation,test,total
0,41,10,10,61
1,48,10,9,67
2,50,10,10,70
3,50,10,10,70
4,47,10,10,67
5,50,10,10,70
6,44,10,6,60
7,43,10,10,63
8,45,10,9,64
9,48,10,10,68
A,78,16,15,109
B,76,16,18,110
C,69,15,13,97
D,77,16,14,107
E,73,16,16,105
F,77,16,18,111
G,77,16,15,108
H,74,16,15,105
I,79,16,15,110
J,64,16,12,92
K,76,16,18,110
L,77,16,18,111
M,76,16,10,102
N,76,12,17,105
O,69,16,18,103
P,75,12,16,103
Q,57,16,13,86
R,75,16,17,108
S,78,16,18,112
T,73,16,15,104
U,76,16,18,110
V,77,16,18,111
W,72,16,17,105
X,66,16,16,98
Y,78,16,18,112
Z,76,16,12,104
